{
  "project_info": {
    "project_number": "598995175428",
    "project_id": "loginkotlin-f4834",
    "storage_bucket": "loginkotlin-f4834.firebasestorage.app"
  },
  "client": [
    {
      "client_info": {
        "mobilesdk_app_id": "1:598995175428:android:5d2635e475415fc6f5cd51",
        "android_client_info": {
          "package_name": "com.example.login_kotlin"
        }
      },
      "oauth_client": [],
      "api_key": [
        {
          "current_key": "AIzaSyCqxvsIyPW9gcEEhfU8CA3IlkTqlt3Ydrk"
        }
      ],
      "services": {
        "appinvite_service": {
          "other_platform_oauth_client": []
        }
      }
    }
  ],
  "configuration_version": "1"
}